Heavy,Light,Target,Protein_Epitope,Label,antigen,HCDR1,HCDR2,HCR3,LCDR1,LCDR2,LCDR3
QVQLQESGPGLVRPSETLSVTCIVSGGSISNYYWTWIRQSPGKGLEWIGYISDRETTTYNPSLNSRAVISRDTSKNQLSLQLRSVTTADTAIYFCATARRGQRIYGVVSFGEFFYYYYMDVWGKGTAVT,SPLSVALGETARISCGRQALGSRAVQWYQHKPGQAPILLIYNNQDRPSGIPERFSGTPDINFGTTATLTISGVEVGDEADYYCHMWDSRSGFSWSFGGATRLT,,,0,KEGYLVDKNTGCKYECLKLGDNDYCLRECKQQYGKGAGGYCYAFACWCTHLYEQAIVWPLPNKRCS,GGSISNYY,ISDRETT,ATARRGQRIYGVVSFGEFFYYYYMDV,ALGSRA,NNQ,HMWDSRSGFSWS
QVQLVQSGAEVKKPGSSVKVSCRASGDSFSRKYGISWVRQAPGQGFEWMGTIMPIVGLTTSAQKFQGRVTITADKSTSTAHMELNSLTSEDTAIYYCARDEIIGARPHWFDSWGQGTLVT,EIVMTQSPAIMSVSPGKRATLSCRASQSVSSNLAWYQRKPGQAPRLLIYGSSTRATGIPARFSGSGSGTEFTLTISSLQSEDFAVYYCLQYYNWPRTFGQGTKVE,,,0,VERELRNWLSEVLSKINDAPVTNDIKKAISNQVLKVAEQVWNSKEELQERVRKEVCSVCSNVPACWAICGGLLEV,GDSFSRKYG,IMPIVGLT,ARDEIIGARPHWFDS,QSVSSN,GSS,LQYYNWPRT
RAHLVQSGTAMKKPGASVRVSCQTSGYTFTAHILFWFRQAPGRGLEWVGWIKPQYGAVNFGGGFRDRVTLTRDVYREIAYMDIRGLKPDDTAVYYCARDRSYGDSSWALDAWGQGTTVV,YIHVTQSPSSLSVSIGDRVTINCQTSQGVGSDLHWYQHKPGRAPKLLIHHTSSVEDGVPSRFSGSGFHTSFNLTISDLQADDIATYYCQVLQFFGRGSRLH,,,0,KEEVTIKVNLIFADGKIQTAEFKGTFEEATAEAYRYADLLAKVNGEYTWDLEDGGNHMNIKFAGK,GYTFTAHI,IKPQYGAV,ARDRSYGDSSWALDA,QGVGSD,HTS,QVLQF
VQLQQSGPELVKPGASVKISCKASGYAFSSSWMNWVKQRPGKGLEWIGRIYPGDGDTNYNGKFKGKATLTADKSSSTAYMQLSSLTSEDSAVYFCARSDYYGDYGFAYWGQGTLVT,DIVLTQSPASLAVSLGQRATISCKASQSVDYAGDSYMNWYQQKPGQPPKLLIYAASNLESGIPARFSGSGSGTDFTLNIHPVEEEDAATYYCQQSNEDPYTFGGGTKLE,,,1,KSCPERHYWAQGKLCCQMCEPGTFLVKDCDQHRKAAQCDPCIPGVSFSPDHHTRPHCESCRHCVRNCTITANAEC,GYAFSSSW,IYPGDGDT,ARSDYYGDYGFAY,QSVDYAGDSY,AAS,QQSNEDPYT
EVQLVESGGGLVQPGGSLRLSCTGSGFTFDNYAMHWLRQVPGEGLEWVSGISRSSGDIDYADSVKGRFTISRDDAKKTLSLQMNSLRAEDTAVYYCARGGVGSFDTWGQGTMVT,EIVLTQSPATLSVSPGERATLSCRASQSVRSYLAWYQQKPGQAPRLLFSDASNRATGIPARFTGSGSGTDFTLTISSLEPEDFAIYYCQQYRYSPRTFGQGTKVE,,,1,KEGYLVDKNTGCKYECLKLGDNDYCLRECKQQYGKGAGGYCYAFACWCTHLYEQAIVWPLPNKRC,GFTFDNYA,ISRSSGDI,ARGGVGSFDT,QSVRSY,DAS,QQYRYSPRT
QVQLVESGAEVKKPGATVKISCKVSGYTFTDYYMHWVQQAPGKGLEWMGLVDPEDGETIYAEKFQGRVTITADTSTDTAYMELSSLRSEDTAVYYCATDARGSGSYYPNHFDYWGQGTLVT,DIVMTQSPDSLAVSLGERATINCKSSQSVLYSSNNKNYLAWYQQKPGQPPKLLIYWASTRESGVPDRFSGSGSGTDFTLTINSLQAEDVAVYFCQQYYDTPTFGQGTRLE,,,1,DWCKTQPLKQTRTIINRFCYGQCNSFYIPRHIEGSFQSCSFCKPKKFTTMMVTLNCKKRVTRVKQCRCISIDLD,GYTFTDYY,VDPEDGET,ATDARGSGSYYPNHFDY,QSVLYSSNNKNY,WAS,QQYYDTPT
EVQLQESGPGLVAPSQSLSITCTVSGFSLTNYAVHWVRQSPGKGLEWLGVIWSNGRTDYNAAFISRLSISKDNSKSQVFFKMNSLQADDTAIYYCARKLAYEGAMDYWGQGTSVT,DIVLTQSPASLAVSLRRRATISCRASESVDGYGHSFMHWYQQKSGQPPKLLIYRASNLESGVPARFSGSGSRTDFTLTIDPVEADDAATYYCQQSNEDPYTFGSGTKLE,,,0,HQCVKKQCPQNSGCFRHLDEREECKCLLNYKQEGDKCVENPNPTCNENNGGCDADAKCTEECECTSYPLFDGIFCS,GFSLTNYA,IWSNGRT,ARKLAYEGAMDY,ESVDGYGHSF,RAS,QQSNEDPYT
QVQLKESGPGLVAPSQSLSITCTVSGFSLSRYGVHWVRQPPGKGLEWLGMMWGGGNTDYNSALKSRLSISKDNSKSQVFLKMNSLQTDDTAMYYCASSNYVLGYAMDYWGQGTSVT,DIVMTQSPSSLAMSVGQKVTMNCKSSQSLLNSSNQKNYLAWYQQKPGQSPKLLIYFTSTRGSGVPDRFIGSGSGTDFTLTISSVEAEDLADYFCQQHYRTPHTFGGGTKVE,,,0,SILDIKQGPKESFRDYVDRFFKTLRAEQCTQDVKNWMTDTLLVQNANPDCKTILRALGPGATLEEMMTACQGV,GFSLSRYG,MWGGGNT,ASSNYVLGYAMDY,QSLLNSSNQKNY,FTS,QQHYRTPHT
VVESGGGLVQPGRSLRLSCAASGFTFDDYAMYWVRQAPGKGLEWVSGISWNSGSIVYADSVKGRFTISRDNAKNSLYLQLNSLRAEDTAFYYCAKAVSGYFPYFDYWGQGILVT,DIVMTQSPDSLSVSLGERATINCKSSQSVLYSSNNKNYLGWYQQKPGQPPKLLIYWASTRESGVPDRFSGSGSGTDFTLTISSLQAEDVAVYYCQQYYTTPSTFGQGTRLE,,,1,KDEVIKEVQEFYKDTYNKLKTKDEPQRETLKAIHYALNCCGLAGGVEQFISDICPKKDVLETFTVKSCPDAIKEVFDN,GFTFDDYA,ISWNSGSI,AKAVSGYFPYFDY,QSVLYSSNNKNY,WAS,QQYYTTPST
